CREATE DATABASE  IF NOT EXISTS `team-a` /*!40100 DEFAULT CHARACTER SET utf8mb4 */;
USE `team-a`;
-- MySQL dump 10.13  Distrib 5.7.17, for Win64 (x86_64)
--
-- Host: localhost    Database: team-a
-- ------------------------------------------------------
-- Server version	5.6.34-log

/*!40101 SET @OLD_CHARACTER_SET_CLIENT=@@CHARACTER_SET_CLIENT */;
/*!40101 SET @OLD_CHARACTER_SET_RESULTS=@@CHARACTER_SET_RESULTS */;
/*!40101 SET @OLD_COLLATION_CONNECTION=@@COLLATION_CONNECTION */;
/*!40101 SET NAMES utf8 */;
/*!40103 SET @OLD_TIME_ZONE=@@TIME_ZONE */;
/*!40103 SET TIME_ZONE='+00:00' */;
/*!40014 SET @OLD_UNIQUE_CHECKS=@@UNIQUE_CHECKS, UNIQUE_CHECKS=0 */;
/*!40014 SET @OLD_FOREIGN_KEY_CHECKS=@@FOREIGN_KEY_CHECKS, FOREIGN_KEY_CHECKS=0 */;
/*!40101 SET @OLD_SQL_MODE=@@SQL_MODE, SQL_MODE='NO_AUTO_VALUE_ON_ZERO' */;
/*!40111 SET @OLD_SQL_NOTES=@@SQL_NOTES, SQL_NOTES=0 */;

--
-- Table structure for table `category`
--

DROP TABLE IF EXISTS `category`;
/*!40101 SET @saved_cs_client     = @@character_set_client */;
/*!40101 SET character_set_client = utf8 */;
CREATE TABLE `category` (
  `id` int(4) NOT NULL AUTO_INCREMENT,
  `name` char(20) DEFAULT NULL,
  `belongs_to` int(4) DEFAULT NULL,
  PRIMARY KEY (`id`)
) ENGINE=InnoDB AUTO_INCREMENT=19 DEFAULT CHARSET=utf8mb4;
/*!40101 SET character_set_client = @saved_cs_client */;

--
-- Dumping data for table `category`
--

LOCK TABLES `category` WRITE;
/*!40000 ALTER TABLE `category` DISABLE KEYS */;
INSERT INTO `category` VALUES (1,'snack',NULL),(2,'baked',NULL),(3,'bread',NULL),(4,'onigiri',NULL),(5,'other',11),(6,'fruit',11),(7,'water',11),(8,'tea',11),(9,'coffee',11),(10,'milk',11),(11,'drink',NULL),(12,'snack-other',1),(13,'chocolate',1),(14,'chips',1),(15,'delicacy',1),(16,'dryfruit',1),(17,'beans',1),(18,'ricecracker',1);
/*!40000 ALTER TABLE `category` ENABLE KEYS */;
UNLOCK TABLES;

--
-- Table structure for table `item`
--

DROP TABLE IF EXISTS `item`;
/*!40101 SET @saved_cs_client     = @@character_set_client */;
/*!40101 SET character_set_client = utf8 */;
CREATE TABLE `item` (
  `id` int(10) unsigned NOT NULL AUTO_INCREMENT,
  `product_name` char(40) NOT NULL,
  `price_kanji` char(12) DEFAULT NULL,
  `price` int(5) NOT NULL,
  `category` int(3) DEFAULT NULL,
  `store` int(3) DEFAULT NULL,
  `in_production` tinyint(1) DEFAULT NULL,
  `img` char(100) DEFAULT NULL,
  `notes` char(200) DEFAULT NULL,
  PRIMARY KEY (`id`)
) ENGINE=InnoDB AUTO_INCREMENT=589 DEFAULT CHARSET=utf8mb4;
/*!40101 SET character_set_client = @saved_cs_client */;

--
-- Dumping data for table `item`
--

LOCK TABLES `item` WRITE;
/*!40000 ALTER TABLE `item` DISABLE KEYS */;
INSERT INTO `item` VALUES (141,'さつまいもケーキ','（税込130円）',130,2,1,1,'http://www.family.co.jp/content/dam/family/goods/1322651.jpg',NULL),(142,'さつまいもとリンゴのパウンドケーキ','（税込149円）',149,2,1,1,'http://www.family.co.jp/content/dam/family/goods/1326321.jpg',NULL),(143,'香ばしやきいもドーナツ','（税込120円）',120,2,1,1,'http://www.family.co.jp/content/dam/family/goods/1324365.jpg',NULL),(144,'さつまいもバウムクーヘン','（税込138円）',138,2,1,1,'http://www.family.co.jp/content/dam/family/goods/1326338.jpg',NULL),(145,'チーズブッセ（北海道産クリームチーズ）','（税込127円）',127,2,1,1,'http://www.family.co.jp/content/dam/family/goods/1320046.jpg',NULL),(146,'発酵バターを使ったこだわりのマドレーヌ','（税込128円）',128,2,1,1,'http://www.family.co.jp/content/dam/family/goods/1322446.jpg',NULL),(147,'発酵バターを使ったこだわりのワッフル','（税込135円）',135,2,1,1,'http://www.family.co.jp/content/dam/family/goods/1326918.jpg',NULL),(148,'ＲＩＺＡＰ　しっとり食感のチョコチップス','（税込170円）',170,2,1,1,'http://www.family.co.jp/content/dam/family/goods/1322705.jpg',NULL),(149,'ＲＩＺＡＰ　しっとり食感チョコチップケー','（税込180円）',180,2,1,1,'http://www.family.co.jp/content/dam/family/goods/1322729.jpg',NULL),(150,'ごろごろチョコチップスコーン','（税込158円）',158,2,1,1,'http://www.family.co.jp/content/dam/family/goods/1322477.jpg',NULL),(151,'ミニチョコチップスコーン','（税込128円）',128,2,1,1,'http://www.family.co.jp/content/dam/family/goods/1324822.jpg',NULL),(152,'チョコ＆マカダミアナッツクッキー','（税込120円）',120,2,1,1,'http://www.family.co.jp/content/dam/family/goods/1327120.jpg',NULL),(153,'厚切りチョコケーキ','（税込180円）',180,2,1,1,'http://www.family.co.jp/content/dam/family/goods/1322552.jpg',NULL),(154,'フィナンシェ','（税込123円）',123,2,1,1,'http://www.family.co.jp/content/dam/family/goods/1322569.jpg',NULL),(155,'フルーツパウンド','（税込150円）',150,2,1,1,'http://www.family.co.jp/content/dam/family/goods/1322606.jpg',NULL),(156,'バウムクーヘン','（税込125円）',125,2,1,1,'http://www.family.co.jp/content/dam/family/goods/1322545.jpg',NULL),(157,'スイートケーキドーナツ','（税込100円）',100,2,1,1,'http://www.family.co.jp/content/dam/family/goods/1324358.jpg',NULL),(158,'フロランタン','（税込138円）',138,2,1,1,'http://www.family.co.jp/content/dam/family/goods/1322538.jpg',NULL),(159,'バターバウムクーヘン','（税込168円）',168,2,1,1,'http://www.family.co.jp/content/dam/family/goods/1322613.jpg',NULL),(160,'バナナブレッド','（税込130円）',130,2,1,1,'http://www.family.co.jp/content/dam/family/goods/1322644.jpg',NULL),(161,'ガーリックフランス（フランス産小麦の小麦','（税込150円）',150,3,1,1,'http://www.family.co.jp/content/dam/family/goods/1520330.jpg',NULL),(162,'マロンクリームパン','（税込145円）',145,3,1,1,'http://www.family.co.jp/content/dam/family/goods/1530452.jpg',NULL),(163,'てりやきチキン＆たまご','（税込138円）',138,3,1,1,'http://www.family.co.jp/content/dam/family/goods/1520309.jpg',NULL),(164,'３種のきのこのビーフシチューパイ','（税込140円）',140,3,1,1,'http://www.family.co.jp/content/dam/family/goods/1520637.jpg',NULL),(165,'なめらかクリームパン５個入','（税込100円）',100,3,1,1,'http://www.family.co.jp/content/dam/family/goods/1517026.jpg',NULL),(166,'なめらかチョコクリームパン５個入','（税込100円）',100,3,1,1,'http://www.family.co.jp/content/dam/family/goods/1517132.jpg',NULL),(167,'シフォンケーキ（ホイップ）','（税込138円）',138,3,1,1,'http://www.family.co.jp/content/dam/family/goods/1536782.jpg',NULL),(168,'ミニつぶあんぱん５個入','（税込100円）',100,3,1,1,'http://www.family.co.jp/content/dam/family/goods/1517071.jpg',NULL),(169,'マーガリン入りロールパン４個入','（税込108円）',108,3,1,1,'http://www.family.co.jp/content/dam/family/goods/1515022.jpg',NULL),(170,'ダブルホイップサンド（チョコ＆ミルク）','（税込118円）',118,3,1,1,'http://www.family.co.jp/content/dam/family/goods/1532036.jpg',NULL),(171,'マーガリン入りレーズンロールパン４個入','（税込108円）',108,3,1,1,'http://www.family.co.jp/content/dam/family/goods/1515039.jpg',NULL),(172,'バターロール４個入','（税込108円）',108,3,1,1,'http://www.family.co.jp/content/dam/family/goods/1515008.jpg',NULL),(173,'レーズンバターロール４個入','（税込108円）',108,3,1,1,'http://www.family.co.jp/content/dam/family/goods/1515015.jpg',NULL),(174,'ピザトースト','（税込158円）',158,3,1,1,'http://www.family.co.jp/content/dam/family/goods/1520392.jpg',NULL),(175,'栗のデニッシュ','（税込138円）',138,3,1,1,'http://www.family.co.jp/content/dam/family/goods/1535242.jpg',NULL),(176,'マロンホイップコロネ','（税込135円）',135,3,1,1,'http://www.family.co.jp/content/dam/family/goods/1530438.jpg',NULL),(177,'三角パイ（マロン＆ホイップ）','（税込138円）',138,3,1,1,'http://www.family.co.jp/content/dam/family/goods/1535921.jpg',NULL),(178,'ふわふわドーナツ（カスタード＆ホイップ）','（税込120円）',120,3,1,1,'http://www.family.co.jp/content/dam/family/goods/1538717.jpg',NULL),(179,'黒豆あんぱん','（税込158円）',158,3,1,1,'http://www.family.co.jp/content/dam/family/goods/1530421.jpg',NULL),(180,'こんがりチーズのパン（ドライソーセージ＆','（税込138円）',138,3,1,1,'http://www.family.co.jp/content/dam/family/goods/1520354.jpg',NULL),(181,'チーズ塩パン','（税込130円）',130,3,1,1,'http://www.family.co.jp/content/dam/family/goods/1520323.jpg',NULL),(182,'安納芋蒸しぱん','（税込138円）',138,3,1,1,'http://www.family.co.jp/content/dam/family/goods/1537604.jpg',NULL),(183,'コッペパン（ダブルピーナッツ）','（税込130円）',130,3,1,1,'http://www.family.co.jp/content/dam/family/goods/1532104.jpg',NULL),(184,'ベーコン＆ポテトパン','（税込138円）',138,3,1,1,'http://www.family.co.jp/content/dam/family/goods/1520347.jpg',NULL),(185,'コッペパン（つぶあん＆マーガリン）','（税込128円）',128,3,1,1,'http://www.family.co.jp/content/dam/family/goods/1532166.jpg',NULL),(186,'コッペパン（イチゴジャム＆マーガリン）','（税込120円）',120,3,1,1,'http://www.family.co.jp/content/dam/family/goods/1532142.jpg',NULL),(187,'コッペパン（黒みつ＆きなこクリーム）ぎゅ','（税込158円）',158,3,1,1,'http://www.family.co.jp/content/dam/family/goods/1532296.jpg',NULL),(188,'赤ワインとフルーツのブレッド３個入','（税込128円）',128,3,1,1,'http://www.family.co.jp/content/dam/family/goods/1517330.jpg',NULL),(189,'ブルーベリーデニッシュ','（税込168円）',168,3,1,1,'http://www.family.co.jp/content/dam/family/goods/1535143.jpg',NULL),(190,'コッペパンチキンナゲット','（税込185円）',185,3,1,1,'http://www.family.co.jp/content/dam/family/goods/1526325.jpg',NULL),(191,'チーズタッカルビパン','（税込138円）',138,3,1,1,'http://www.family.co.jp/content/dam/family/goods/1520446.jpg',NULL),(192,'ベーコン＆バジルマヨソース','（税込128円）',128,3,1,1,'http://www.family.co.jp/content/dam/family/goods/1520507.jpg',NULL),(193,'アールグレイとレモンのバトン','（税込180円）',180,3,1,1,'http://www.family.co.jp/content/dam/family/goods/1532265.jpg',NULL),(194,'オレンジデニッシュ','（税込128円）',128,3,1,1,'http://www.family.co.jp/content/dam/family/goods/1535266.jpg',NULL),(195,'ふんわりとしたしっとりミルクパン','（税込128円）',128,3,1,1,'http://www.family.co.jp/content/dam/family/goods/1517378.jpg',NULL),(196,'コーヒー香るコーヒークリーム＆ホイップパ','（税込135円）',135,3,1,1,'http://www.family.co.jp/content/dam/family/goods/1530391.jpg',NULL),(197,'デニッシュ食パン（バターと生クリーム入り','（税込138円）',138,3,1,1,'http://www.family.co.jp/content/dam/family/goods/1514032.jpg',NULL),(198,'ベーコンエピ（濃い味ベーコン使用）','（税込155円）',155,3,1,1,'http://www.family.co.jp/content/dam/family/goods/1520477.jpg',NULL),(199,'レーズンデニッシュ食パン３枚入','（税込138円）',138,3,1,1,'http://www.family.co.jp/content/dam/family/goods/1514049.jpg',NULL),(200,'チョコデニッシュ食パン（チョコチップ入り','（税込138円）',138,3,1,1,'http://www.family.co.jp/content/dam/family/goods/1514056.jpg',NULL),(201,'コッペパンツナ','（税込128円）',128,3,1,1,'http://www.family.co.jp/content/dam/family/goods/1526257.jpg',NULL),(202,'もっち歩き（チョコ）','（税込115円）',115,3,1,1,'http://www.family.co.jp/content/dam/family/goods/1531244.jpg',NULL),(203,'ふわふわピザパン','（税込128円）',128,3,1,1,'http://www.family.co.jp/content/dam/family/goods/1520491.jpg',NULL),(204,'バター香るもっちりとした食パン３枚','（税込95円）',95,3,1,1,'http://www.family.co.jp/content/dam/family/goods/1510003.jpg',NULL),(205,'バター香るもっちりとした食パン５枚','（税込149円）',149,3,1,1,'http://www.family.co.jp/content/dam/family/goods/1510171.jpg',NULL),(206,'バター香るもっちりとした食パン６枚','（税込149円）',149,3,1,1,'http://www.family.co.jp/content/dam/family/goods/1510201.jpg',NULL),(207,'バター香るもっちりとした食パン８枚','（税込149円）',149,3,1,1,'http://www.family.co.jp/content/dam/family/goods/1510232.jpg',NULL),(208,'小麦香るしっとりとした食パン６枚','（税込108円）',108,3,1,1,'http://www.family.co.jp/content/dam/family/goods/1510249.jpg',NULL),(209,'小麦香るしっとりとした食パン５枚','（税込108円）',108,3,1,1,'http://www.family.co.jp/content/dam/family/goods/1510270.jpg',NULL),(210,'３種の果実とクリームチーズのフランスパン','（税込155円）',155,3,1,1,'http://www.family.co.jp/content/dam/family/goods/1517361.jpg',NULL),(211,'照り焼きチキンとコーンのパン','（税込138円）',138,3,1,1,'http://www.family.co.jp/content/dam/family/goods/1520415.jpg',NULL),(212,'バターフレーキ','（税込138円）',138,3,1,1,'http://www.family.co.jp/content/dam/family/goods/1517309.jpg',NULL),(213,'バナナパンケーキ（バナナ＆ミルク）','（税込138円）',138,3,1,1,'http://www.family.co.jp/content/dam/family/goods/1536805.jpg',NULL),(214,'ふんわりホットケーキ（メープル＆マーガリ','（税込108円）',108,3,1,1,'http://www.family.co.jp/content/dam/family/goods/1536744.jpg',NULL),(215,'バターチキンカレーのナン','（税込138円）',138,3,1,1,'http://www.family.co.jp/content/dam/family/goods/1520439.jpg',NULL),(216,'あんバターデニッシュ','（税込158円）',158,3,1,1,'http://www.family.co.jp/content/dam/family/goods/1535204.jpg',NULL),(217,'チーズカレーパン','（税込128円）',128,3,1,1,'http://www.family.co.jp/content/dam/family/goods/1524185.jpg',NULL),(218,'カレーパン','（税込118円）',118,3,1,1,'http://www.family.co.jp/content/dam/family/goods/1524192.jpg',NULL),(219,'はちみつ蒸しケーキ','（税込128円）',128,3,1,1,'http://www.family.co.jp/content/dam/family/goods/1537536.jpg',NULL),(220,'もっちもちくるみあんぱん','（税込130円）',130,3,1,1,'http://www.family.co.jp/content/dam/family/goods/1530377.jpg',NULL),(221,'もちもちくるみパン','（税込110円）',110,3,1,1,'http://www.family.co.jp/content/dam/family/goods/1531282.jpg',NULL),(222,'手巻きロースハムのエッグパン','（税込158円）',158,3,1,1,'http://www.family.co.jp/content/dam/family/goods/1520545.jpg',NULL),(223,'ツイストデニッシュドーナツ','（税込110円）',110,3,1,1,'http://www.family.co.jp/content/dam/family/goods/1538342.jpg',NULL),(224,'明太子マヨネーズ','（税込138円）',138,3,1,1,'http://www.family.co.jp/content/dam/family/goods/1520378.jpg',NULL),(225,'チョコクロワッサン','（税込115円）',115,3,1,1,'http://www.family.co.jp/content/dam/family/goods/1535181.jpg',NULL),(226,'濃厚ミルクフランス','（税込130円）',130,3,1,1,'http://www.family.co.jp/content/dam/family/goods/1532319.jpg',NULL),(227,'ちぎれる三角サンド（練乳ミルクホイップ）','（税込110円）',110,3,1,1,'http://www.family.co.jp/content/dam/family/goods/1532227.jpg',NULL),(228,'白いチーズクリームパン','（税込128円）',128,3,1,1,'http://www.family.co.jp/content/dam/family/goods/1530360.jpg',NULL),(229,'ハムマヨドーナツ','（税込138円）',138,3,1,1,'http://www.family.co.jp/content/dam/family/goods/1524130.jpg',NULL),(230,'たっぷりつぶあんデニッシュ','（税込100円）',100,3,1,1,'http://www.family.co.jp/content/dam/family/goods/1535136.jpg',NULL),(231,'たまご蒸しぱん','（税込110円）',110,3,1,1,'http://www.family.co.jp/content/dam/family/goods/1537581.jpg',NULL),(232,'もちっと北海道メロンパン','（税込128円）',128,3,1,1,'http://www.family.co.jp/content/dam/family/goods/1530056.jpg',NULL),(233,'ホイップメロンパン','（税込138円）',138,3,1,1,'http://www.family.co.jp/content/dam/family/goods/1532241.jpg',NULL),(234,'北海道小豆のつぶあん使用ふわもちっとあん','（税込110円）',110,3,1,1,'http://www.family.co.jp/content/dam/family/goods/1538267.jpg',NULL),(235,'カカオ香るチョコチップメロンパン','（税込118円）',118,3,1,1,'http://www.family.co.jp/content/dam/family/goods/1531169.jpg',NULL),(236,'メンチカツバーガー','（税込158円）',158,3,1,1,'http://www.family.co.jp/content/dam/family/goods/1526103.jpg',NULL),(237,'パン・オ・レザン','（税込180円）',180,3,1,1,'http://www.family.co.jp/content/dam/family/goods/1535112.jpg',NULL),(238,'オニオンチーズブレッド','（税込138円）',138,3,1,1,'http://www.family.co.jp/content/dam/family/goods/1520422.jpg',NULL),(239,'ミニハムクロワッサン４個入','（税込138円）',138,3,1,1,'http://www.family.co.jp/content/dam/family/goods/1517194.jpg',NULL),(240,'コッペパン焼きそば（関西風ソース使用）','（税込138円）',138,3,1,1,'http://www.family.co.jp/content/dam/family/goods/1526035.jpg',NULL),(241,'コッペパンコロッケ＆たまご','（税込138円）',138,3,1,1,'http://www.family.co.jp/content/dam/family/goods/1526226.jpg',NULL),(242,'コッペパン焼きそば（コーミソース使用）','（税込138円）',138,3,1,1,'http://www.family.co.jp/content/dam/family/goods/1526172.jpg',NULL),(243,'コッペパンハムカツ','（税込138円）',138,3,1,1,'http://www.family.co.jp/content/dam/family/goods/1526295.jpg',NULL),(244,'コッペパンたまご','（税込110円）',110,3,1,1,'http://www.family.co.jp/content/dam/family/goods/1526080.jpg',NULL),(245,'コッペパンハムカツたまご（コーミソース使','（税込125円）',125,3,1,1,'http://www.family.co.jp/content/dam/family/goods/1526189.jpg',NULL),(246,'コッペパン焼きそば','（税込138円）',138,3,1,1,'http://www.family.co.jp/content/dam/family/goods/1526332.jpg',NULL),(247,'コッペパンハムカツ＆たまご','（税込135円）',135,3,1,1,'http://www.family.co.jp/content/dam/family/goods/1526370.jpg',NULL),(248,'コッペパンハムカツたまご','（税込125円）',125,3,1,1,'http://www.family.co.jp/content/dam/family/goods/1536010.jpg',NULL),(249,'もっちパン（ミート＆チーズ）','（税込108円）',108,3,1,1,'http://www.family.co.jp/content/dam/family/goods/1521603.jpg',NULL),(250,'フレンチトーストサンド（ハム＆チーズ）','（税込145円）',145,3,1,1,'http://www.family.co.jp/content/dam/family/goods/1520453.jpg',NULL),(251,'チョコチップメロンスティック５本入','（税込110円）',110,3,1,1,'http://www.family.co.jp/content/dam/family/goods/1517255.jpg',NULL),(252,'ロールケーキ','（税込190円）',190,3,1,1,'http://www.family.co.jp/content/dam/family/goods/1518375.jpg',NULL),(253,'たっぷりクリームデニッシュ','（税込100円）',100,3,1,1,'http://www.family.co.jp/content/dam/family/goods/1535013.jpg',NULL),(254,'和風ツナパン','（税込118円）',118,3,1,1,'http://www.family.co.jp/content/dam/family/goods/1520194.jpg',NULL),(255,'ちぎれるシュガーマーガリンのパン','（税込108円）',108,3,1,1,'http://www.family.co.jp/content/dam/family/goods/1531442.jpg',NULL),(256,'手巻きフランクロール','（税込165円）',165,3,1,1,'http://www.family.co.jp/content/dam/family/goods/1520514.jpg',NULL),(257,'ミニチョコクロワッサン（４個入）','（税込118円）',118,3,1,1,'http://www.family.co.jp/content/dam/family/goods/1517262.jpg',NULL),(258,'ハムチーズエッグマフィン','（税込138円）',138,3,1,1,'http://www.family.co.jp/content/dam/family/goods/1526127.jpg',NULL),(259,'クロワッサンダマンド','（税込160円）',160,3,1,1,'http://www.family.co.jp/content/dam/family/goods/1535099.jpg',NULL),(260,'ふんわり食感の食パン（８枚）','（税込145円）',145,3,1,1,'http://www.family.co.jp/content/dam/family/goods/1518788.jpg',NULL),(261,'ふんわり食感の食パン（６枚）','（税込145円）',145,3,1,1,'http://www.family.co.jp/content/dam/family/goods/1518795.jpg',NULL),(262,'クロワッサン（５個入り）','（税込128円）',128,3,1,1,'http://www.family.co.jp/content/dam/family/goods/1518382.jpg',NULL),(263,'マーガリン入り黒糖ロールパン（４個入り）','（税込138円）',138,3,1,1,'http://www.family.co.jp/content/dam/family/goods/1517064.jpg',NULL),(264,'胚芽ロール（６個入り）','（税込168円）',168,3,1,1,'http://www.family.co.jp/content/dam/family/goods/1518153.jpg',NULL),(265,'バターロール（６個入り）','（税込142円）',142,3,1,1,'http://www.family.co.jp/content/dam/family/goods/1518252.jpg',NULL),(266,'マーガリンサンド（４本）','（税込180円）',180,3,1,1,'http://www.family.co.jp/content/dam/family/goods/1518764.jpg',NULL),(267,'チョコチップスティック（５本）','（税込137円）',137,3,1,1,'http://www.family.co.jp/content/dam/family/goods/1518771.jpg',NULL),(268,'チョコスティック（４本）','（税込127円）',127,3,1,1,'http://www.family.co.jp/content/dam/family/goods/1518801.jpg',NULL),(269,'スティックパン（５本）','（税込137円）',137,3,1,1,'http://www.family.co.jp/content/dam/family/goods/1518825.jpg',NULL),(270,'チョコチップメロンスティック（４本）','（税込113円）',113,3,1,1,'http://www.family.co.jp/content/dam/family/goods/1518849.jpg',NULL),(271,'ひと口もち食感チーズ（北海道産ナチュラル','（税込138円）',138,3,1,1,'http://www.family.co.jp/content/dam/family/goods/1520170.jpg',NULL),(272,'しっとりケーキ（チョコ）','（税込128円）',128,3,1,1,'http://www.family.co.jp/content/dam/family/goods/1536799.jpg',NULL),(273,'バター香るメロンパン','（税込108円）',108,3,1,1,'http://www.family.co.jp/content/dam/family/goods/1531190.jpg',NULL),(274,'あらびきチョリソーソーセージ','（税込130円）',130,3,1,1,'http://www.family.co.jp/content/dam/family/goods/1520040.jpg',NULL),(275,'しみ旨フレンチ','（税込135円）',135,3,1,1,'http://www.family.co.jp/content/dam/family/goods/1531305.jpg',NULL),(276,'カスタードクリームパン','（税込110円）',110,3,1,1,'http://www.family.co.jp/content/dam/family/goods/1530162.jpg',NULL),(277,'手巻きソーセージドーナツ','（税込118円）',118,3,1,1,'http://www.family.co.jp/content/dam/family/goods/1524116.jpg',NULL),(278,'ベーコン＆エッグデニッシュ','（税込128円）',128,3,1,1,'http://www.family.co.jp/content/dam/family/goods/1520675.jpg',NULL),(279,'ハムチーズマヨ','（税込110円）',110,3,1,1,'http://www.family.co.jp/content/dam/family/goods/1520385.jpg',NULL),(280,'大きいウインナー','（税込125円）',125,3,1,1,'http://www.family.co.jp/content/dam/family/goods/1523980.jpg',NULL),(281,'北海道産小豆のつぶあんぱん','（税込110円）',110,3,1,1,'http://www.family.co.jp/content/dam/family/goods/1530131.jpg',NULL),(282,'ミニスイートクロワッサン','（税込108円）',108,3,1,1,'http://www.family.co.jp/content/dam/family/goods/1517101.jpg',NULL),(283,'ロールケーキ（バニラクリーム）','（税込135円）',135,3,1,1,'http://www.family.co.jp/content/dam/family/goods/1517323.jpg',NULL),(284,'チョコチップスナック','（税込100円）',100,3,1,1,'http://www.family.co.jp/content/dam/family/goods/1517163.jpg',NULL),(285,'スナックスティック','（税込100円）',100,3,1,1,'http://www.family.co.jp/content/dam/family/goods/1517033.jpg',NULL),(286,'アップルクリームデニッシュ','（税込115円）',115,3,1,1,'http://www.family.co.jp/content/dam/family/goods/1535228.jpg',NULL),(287,'男飯　コク旨！チャーハン','（税込130円）',130,4,1,1,'http://www.family.co.jp/content/dam/family/goods/0411486.jpg',NULL),(288,'男飯　炙り焼つくね','（税込150円）',150,4,1,1,'http://www.family.co.jp/content/dam/family/goods/0411493.jpg',NULL),(289,'炙り焼鶏づくし（もも、皮、ぼんじり）','（税込198円）',198,4,1,1,'http://www.family.co.jp/content/dam/family/goods/0411271.jpg',NULL),(290,'半熟たまごとチキンライス','（税込150円）',150,4,1,1,'http://www.family.co.jp/content/dam/family/goods/0411448.jpg',NULL),(291,'だしおむすび　あさりごはん','（税込135円）',135,4,1,1,'http://www.family.co.jp/content/dam/family/goods/0411479.jpg',NULL),(292,'スーパー大麦　枝豆ひじき','（税込125円）',125,4,1,1,'http://www.family.co.jp/content/dam/family/goods/0411462.jpg',NULL),(293,'手巻　海老マヨネーズ','（税込130円）',130,4,1,1,'http://www.family.co.jp/content/dam/family/goods/0410274.jpg',NULL),(294,'具、たっぷり！ピリ辛肉みそ','（税込138円）',138,4,1,1,'http://www.family.co.jp/content/dam/family/goods/0411455.jpg',NULL),(295,'味付海苔　しらすおろし','（税込128円）',128,4,1,1,'http://www.family.co.jp/content/dam/family/goods/0410250.jpg',NULL),(296,'魚沼産コシヒカリ　炙り焼鮭はらみ','（税込178円）',178,4,1,1,'http://www.family.co.jp/content/dam/family/goods/0416566.jpg',NULL),(297,'手巻　ピリ辛高菜炒め','（税込110円）',110,4,1,1,'http://www.family.co.jp/content/dam/family/goods/0410267.jpg',NULL),(298,'魚沼産コシヒカリ　塩おむすび','（税込100円）',100,4,1,1,'http://www.family.co.jp/content/dam/family/goods/0416559.jpg',NULL),(299,'おむすび２ケ入','（税込198円）',198,4,1,1,'http://www.family.co.jp/content/dam/family/goods/0414425.jpg',NULL),(300,'３種おむすびとおかずセット','（税込298円）',298,4,1,1,'http://www.family.co.jp/content/dam/family/goods/0414432.jpg',NULL),(301,'お好み俵おむすびセット','（税込378円）',378,4,1,1,'http://www.family.co.jp/content/dam/family/goods/0414449.jpg',NULL),(302,'直巻　焼さば','（税込115円）',115,4,1,1,'http://www.family.co.jp/content/dam/family/goods/0412506.jpg',NULL),(303,'スーパー大麦　梅ゆかり®','（税込120円）',120,4,1,1,'http://www.family.co.jp/content/dam/family/goods/0411325.jpg',NULL),(304,'具、たっぷり！　チキン南蛮','（税込138円）',138,4,1,1,'http://www.family.co.jp/content/dam/family/goods/0412513.jpg',NULL),(305,'手巻　紅しゃけ','（税込140円）',140,4,1,1,'http://www.family.co.jp/content/dam/family/goods/0410069.jpg',NULL),(306,'手巻　ねぎとろ','（税込140円）',140,4,1,1,'http://www.family.co.jp/content/dam/family/goods/0410236.jpg',NULL),(307,'手巻　北海道産昆布','（税込110円）',110,4,1,1,'http://www.family.co.jp/content/dam/family/goods/0410076.jpg',NULL),(308,'手巻　辛子明太子','（税込140円）',140,4,1,1,'http://www.family.co.jp/content/dam/family/goods/0410038.jpg',NULL),(309,'手巻　紀州南高梅','（税込110円）',110,4,1,1,'http://www.family.co.jp/content/dam/family/goods/0410410.jpg',NULL),(310,'手巻　シーチキンマヨネーズ','（税込115円）',115,4,1,1,'http://www.family.co.jp/content/dam/family/goods/0410113.jpg',NULL),(311,'直巻　焼しゃけ','（税込125円）',125,4,1,1,'http://www.family.co.jp/content/dam/family/goods/0412452.jpg',NULL),(312,'直巻　和風ツナマヨネーズ','（税込115円）',115,4,1,1,'http://www.family.co.jp/content/dam/family/goods/0412384.jpg',NULL),(313,'赤飯おむすび','（税込130円）',130,4,1,1,'http://www.family.co.jp/content/dam/family/goods/0412179.jpg',NULL),(314,'直巻　とり五目','（税込120円）',120,4,1,1,'http://www.family.co.jp/content/dam/family/goods/0413107.jpg',NULL),(315,'直巻　明太子マヨネーズ','（税込125円）',125,4,1,1,'http://www.family.co.jp/content/dam/family/goods/0413138.jpg',NULL),(316,'ココナッツミルク','（税込139円）',139,5,1,1,'http://www.family.co.jp/content/dam/family/goods/1720488.jpg',NULL),(317,'スクイーズスクイーズ　白桃','（税込248円）',248,6,1,1,'http://www.family.co.jp/content/dam/family/goods/1748734.jpg',NULL),(318,'フルーツモギュマスカット','（税込140円）',140,6,1,1,'http://www.family.co.jp/content/dam/family/goods/1741896.jpg',NULL),(319,'シュワシュワソーダゼリードリンク','（税込178円）',178,5,1,1,'http://www.family.co.jp/content/dam/family/goods/1751017.jpg',NULL),(320,'コカ・コーラ　い・ろ・は・す　バナナミル','（税込130円）',130,7,1,1,'http://www.family.co.jp/content/dam/family/goods/4252009.jpg',NULL),(321,'ファンタ　甘酸っぱい初恋レモン　４９０Ｍ','（税込151円）',151,5,1,1,'http://www.family.co.jp/content/dam/family/goods/4435013.jpg',NULL),(322,'ドール　プレミアムパイナップルジュース','（税込198円）',198,6,1,1,'http://www.family.co.jp/content/dam/family/goods/1740189.jpg',NULL),(323,'ウィルキンソンタンサン　１Ｌ','（税込149円）',149,7,1,1,'http://www.family.co.jp/content/dam/family/goods/4251002.jpg',NULL),(324,'クールチョコミント','（税込178円）',178,5,1,1,'http://www.family.co.jp/content/dam/family/goods/1725117.jpg',NULL),(325,'キリン　午後の紅茶　スパイス香るチャイ','（税込151円）',151,8,1,1,'http://www.family.co.jp/content/dam/family/goods/4221418.jpg',NULL),(326,'スクイーズスクイーズ　グレープフルーツ','（税込228円）',228,6,1,1,'http://www.family.co.jp/content/dam/family/goods/1748789.jpg',NULL),(327,'スクイーズスクイーズ　オレンジ','（税込228円）',228,6,1,1,'http://www.family.co.jp/content/dam/family/goods/1748758.jpg',NULL),(328,'サントリー　ボス　ザ・エスプレッソ　深煎','（税込118円）',118,9,1,1,'http://www.family.co.jp/content/dam/family/goods/4210405.jpg',NULL),(329,'サントリー　ボス　ザ・エスプレッソ　微糖','（税込118円）',118,9,1,1,'http://www.family.co.jp/content/dam/family/goods/4210412.jpg',NULL),(330,'サントリー　ボス　ザ・エスプレッソ　カフ','（税込138円）',138,9,1,1,'http://www.family.co.jp/content/dam/family/goods/4210429.jpg',NULL),(331,'サラダスムージー','（税込198円）',198,5,1,1,'http://www.family.co.jp/content/dam/family/goods/1741810.jpg',NULL),(332,'無糖ブラックコーヒー','（税込257円）',257,9,1,1,'http://www.family.co.jp/content/dam/family/goods/1750119.jpg',NULL),(333,'サントリー　南アルプススパークリング　グ','（税込103円）',103,7,1,1,'http://www.family.co.jp/content/dam/family/goods/4252085.jpg',NULL),(334,'バターコーヒースイート','（税込198円）',198,9,1,1,'http://www.family.co.jp/content/dam/family/goods/1720167.jpg',NULL),(335,'TULLY’S COFFEE Smoot','（税込150円）',150,9,1,1,'http://www.family.co.jp/content/dam/family/goods/4215790.jpg',NULL),(336,'バターコーヒー','（税込198円）',198,9,1,1,'http://www.family.co.jp/content/dam/family/goods/1720020.jpg',NULL),(337,'ヨーグルトドリンク ブルーベリー','（税込118円）',118,10,1,1,'http://www.family.co.jp/content/dam/family/goods/1730449.jpg',NULL),(338,'ヨーグルトドリンク ストロベリー','（税込118円）',118,10,1,1,'http://www.family.co.jp/content/dam/family/goods/1730326.jpg',NULL),(339,'タピオカカフェオレ','（税込238円）',238,9,1,1,'http://www.family.co.jp/content/dam/family/goods/1723144.jpg',NULL),(340,'国産の一番茶使用　にごり旨み緑茶','（税込100円）',100,8,1,1,'http://www.family.co.jp/content/dam/family/goods/4236320.jpg',NULL),(341,'福建省産一級茶葉使用　烏龍茶','（税込100円）',100,8,1,1,'http://www.family.co.jp/content/dam/family/goods/4236337.jpg',NULL),(342,'六条大麦使用　香ばし麦茶','（税込100円）',100,8,1,1,'http://www.family.co.jp/content/dam/family/goods/4236344.jpg',NULL),(343,'最高等級茶葉銀毫・特級茶葉使用　芳醇ジャ','（税込100円）',100,8,1,1,'http://www.family.co.jp/content/dam/family/goods/4236351.jpg',NULL),(345,'タピオカミルクティー','（税込238円）',238,10,1,1,'http://www.family.co.jp/content/dam/family/goods/1753301.jpg',NULL),(346,'ヨーグルトドリンク フルーツミックス','（税込198円）',198,10,1,1,'http://www.family.co.jp/content/dam/family/goods/1730357.jpg',NULL),(347,'さんぴん茶　９００ＭＬ','（税込140円）',140,8,1,1,'http://www.family.co.jp/content/dam/family/goods/4239253.jpg',NULL),(348,'ハウスウェルネスフーズ　ウコンの力　ドラ','（税込206円）',206,5,1,1,'http://www.family.co.jp/content/dam/family/goods/4130048.jpg',NULL),(349,'手摘み果実を使用した フルーツミックス','（税込100円）',100,6,1,1,'http://www.family.co.jp/content/dam/family/goods/4240013.jpg',NULL),(350,'ストレートティー無糖　９３０ＭＬ','（税込140円）',140,8,1,1,'http://www.family.co.jp/content/dam/family/goods/4220091.jpg',NULL),(351,'深炒りブラック無糖　９００ＭＬ','（税込150円）',150,9,1,1,'http://www.family.co.jp/content/dam/family/goods/4210092.jpg',NULL),(352,'タピオカココナッツミルク','（税込238円）',238,5,1,1,'http://www.family.co.jp/content/dam/family/goods/1723168.jpg',NULL),(353,'牧場うまれの牛乳５００ＭＬ','（税込141円）',141,10,1,1,'http://www.family.co.jp/content/dam/family/goods/1713015.jpg',NULL),(354,'茶葉香る 紅茶ラテ','（税込142円）',142,10,1,1,'http://www.family.co.jp/content/dam/family/goods/1750195.jpg',NULL),(355,'カロリー50％OFF ノンシュガーラテ','（税込136円）',136,9,1,1,'http://www.family.co.jp/content/dam/family/goods/1720365.jpg',NULL),(356,'ミルクまろやか カフェラテ','（税込136円）',136,9,1,1,'http://www.family.co.jp/content/dam/family/goods/1720310.jpg',NULL),(357,'まろやかな甘み クリーミーラテ','（税込195円）',195,9,1,1,'http://www.family.co.jp/content/dam/family/goods/1720297.jpg',NULL),(358,'北海道産生クリームのミルクココア','（税込185円）',185,10,1,1,'http://www.family.co.jp/content/dam/family/goods/1720259.jpg',NULL),(359,'ヨーグルトドリンク クリーミープレーン','（税込185円）',185,10,1,1,'http://www.family.co.jp/content/dam/family/goods/1730241.jpg',NULL),(360,'ヨーグルトドリンク プレーン','（税込113円）',113,10,1,1,'http://www.family.co.jp/content/dam/family/goods/1730098.jpg',NULL),(361,'コーヒーのビターな味わい エスプレッソラ','（税込136円）',136,9,1,1,'http://www.family.co.jp/content/dam/family/goods/1720358.jpg',NULL),(362,'烏龍茶　１０００ＭＬ','（税込106円）',106,8,1,1,'http://www.family.co.jp/content/dam/family/goods/1754049.jpg',NULL),(363,'ジャスミン茶　１０００ＭＬ','（税込106円）',106,8,1,1,'http://www.family.co.jp/content/dam/family/goods/1754056.jpg',NULL),(364,'のむヨーグルト１０００Ｇ','（税込198円）',198,10,1,1,'http://www.family.co.jp/content/dam/family/goods/1730401.jpg',NULL),(365,'牧場うまれの牛乳１Ｌ','（税込198円）',198,10,1,1,'http://www.family.co.jp/content/dam/family/goods/1713053.jpg',NULL),(366,'さんぴん茶　５００ＭＬ','（税込110円）',110,8,1,1,'http://www.family.co.jp/content/dam/family/goods/1507220.jpg',NULL),(367,'１００％オレンジジュース','（税込170円）',170,6,1,1,'http://www.family.co.jp/content/dam/family/goods/1741117.jpg',NULL),(368,'１００％アップルジュース','（税込170円）',170,6,1,1,'http://www.family.co.jp/content/dam/family/goods/1741124.jpg',NULL),(369,'１００％ミックスフルーツ','（税込170円）',170,6,1,1,'http://www.family.co.jp/content/dam/family/goods/1741131.jpg',NULL),(370,'緑茶　１０００ＭＬ','（税込106円）',106,8,1,1,'http://www.family.co.jp/content/dam/family/goods/1754001.jpg',NULL),(371,'麦茶　１０００ＭＬ','（税込106円）',106,8,1,1,'http://www.family.co.jp/content/dam/family/goods/1754018.jpg',NULL),(372,'玄米茶　１０００ＭＬ','（税込106円）',106,8,1,1,'http://www.family.co.jp/content/dam/family/goods/1754070.jpg',NULL),(373,'ファミマの天然水－新潟県　津南－６００Ｍ','（税込100円）',100,7,1,1,'http://www.family.co.jp/content/dam/family/goods/4251934.jpg',NULL),(374,'ファミマの天然水－宮崎県　霧島－６００Ｍ','（税込100円）',100,7,1,1,'http://www.family.co.jp/content/dam/family/goods/4251903.jpg',NULL),(375,'アップルティーカロリーゼロ　１000ＭＬ','（税込108円）',108,8,1,1,'http://www.family.co.jp/content/dam/family/goods/1754872.jpg',NULL),(376,'緑茶１Ｌ','（税込140円）',140,8,1,1,'http://www.family.co.jp/content/dam/family/goods/4236368.jpg',NULL),(377,'烏龍茶１Ｌ','（税込140円）',140,8,1,1,'http://www.family.co.jp/content/dam/family/goods/4236375.jpg',NULL),(378,'麦茶１Ｌ','（税込140円）',140,8,1,1,'http://www.family.co.jp/content/dam/family/goods/4236382.jpg',NULL),(379,'ジャスミン茶１Ｌ','（税込140円）',140,8,1,1,'http://www.family.co.jp/content/dam/family/goods/4236399.jpg',NULL),(380,'ファミコレさんぴん茶','（税込179円）',179,8,1,1,'http://www.family.co.jp/content/dam/family/goods/4238058.jpg',NULL),(381,'ファミマの天然水－宮崎県　霧島－１０２０','（税込148円）',148,7,1,1,'http://www.family.co.jp/content/dam/family/goods/4251910.jpg',NULL),(382,'ファミマの天然水－宮崎県　霧島－２０００','（税込98円）',98,7,1,1,'http://www.family.co.jp/content/dam/family/goods/4251941.jpg',NULL),(383,'ファミマの天然水－長野県　安曇野－２００','（税込98円）',98,7,1,1,'http://www.family.co.jp/content/dam/family/goods/4251958.jpg',NULL),(384,'ココナッツミルク','（税込139円）',139,5,1,1,'http://www.family.co.jp/content/dam/family/goods/1720488.jpg',NULL),(385,'スクイーズスクイーズ　白桃','（税込248円）',248,6,1,1,'http://www.family.co.jp/content/dam/family/goods/1748734.jpg',NULL),(386,'フルーツモギュマスカット','（税込140円）',140,6,1,1,'http://www.family.co.jp/content/dam/family/goods/1741896.jpg',NULL),(387,'シュワシュワソーダゼリードリンク','（税込178円）',178,5,1,1,'http://www.family.co.jp/content/dam/family/goods/1751017.jpg',NULL),(388,'コカ・コーラ　い・ろ・は・す　バナナミルク味　５５５ＭＬ','（税込130円）',130,7,1,1,'http://www.family.co.jp/content/dam/family/goods/4252009.jpg',NULL),(389,'ファンタ　甘酸っぱい初恋レモン　４９０ＭＬ','（税込151円）',151,5,1,1,'http://www.family.co.jp/content/dam/family/goods/4435013.jpg',NULL),(390,'ドール　プレミアムパイナップルジュース','（税込198円）',198,6,1,1,'http://www.family.co.jp/content/dam/family/goods/1740189.jpg',NULL),(391,'ウィルキンソンタンサン　１Ｌ','（税込149円）',149,7,1,1,'http://www.family.co.jp/content/dam/family/goods/4251002.jpg',NULL),(392,'クールチョコミント','（税込178円）',178,5,1,1,'http://www.family.co.jp/content/dam/family/goods/1725117.jpg',NULL),(393,'キリン　午後の紅茶　スパイス香るチャイ','（税込151円）',151,8,1,1,'http://www.family.co.jp/content/dam/family/goods/4221418.jpg',NULL),(394,'スクイーズスクイーズ　グレープフルーツ','（税込228円）',228,6,1,1,'http://www.family.co.jp/content/dam/family/goods/1748789.jpg',NULL),(395,'スクイーズスクイーズ　オレンジ','（税込228円）',228,6,1,1,'http://www.family.co.jp/content/dam/family/goods/1748758.jpg',NULL),(396,'サントリー　ボス　ザ・エスプレッソ　深煎りブレンド','（税込118円）',118,9,1,1,'http://www.family.co.jp/content/dam/family/goods/4210405.jpg',NULL),(397,'サントリー　ボス　ザ・エスプレッソ　微糖','（税込118円）',118,9,1,1,'http://www.family.co.jp/content/dam/family/goods/4210412.jpg',NULL),(398,'サントリー　ボス　ザ・エスプレッソ　カフェラテ','（税込138円）',138,9,1,1,'http://www.family.co.jp/content/dam/family/goods/4210429.jpg',NULL),(399,'サラダスムージー','（税込198円）',198,5,1,1,'http://www.family.co.jp/content/dam/family/goods/1741810.jpg',NULL),(400,'無糖ブラックコーヒー','（税込257円）',257,9,1,1,'http://www.family.co.jp/content/dam/family/goods/1750119.jpg',NULL),(401,'サントリー　南アルプススパークリング　グレープフルーツ','（税込103円）',103,7,1,1,'http://www.family.co.jp/content/dam/family/goods/4252085.jpg',NULL),(402,'バターコーヒースイート','（税込198円）',198,9,1,1,'http://www.family.co.jp/content/dam/family/goods/1720167.jpg',NULL),(403,'TULLY’S COFFEE Smooth taste ESPRESSO 微糖','（税込150円）',150,9,1,1,'http://www.family.co.jp/content/dam/family/goods/4215790.jpg',NULL),(404,'バターコーヒー','（税込198円）',198,9,1,1,'http://www.family.co.jp/content/dam/family/goods/1720020.jpg',NULL),(405,'ヨーグルトドリンク ブルーベリー','（税込118円）',118,10,1,1,'http://www.family.co.jp/content/dam/family/goods/1730449.jpg',NULL),(406,'ヨーグルトドリンク ストロベリー','（税込118円）',118,10,1,1,'http://www.family.co.jp/content/dam/family/goods/1730326.jpg',NULL),(407,'タピオカカフェオレ','（税込238円）',238,9,1,1,'http://www.family.co.jp/content/dam/family/goods/1723144.jpg',NULL),(408,'国産の一番茶使用　にごり旨み緑茶','（税込100円）',100,8,1,1,'http://www.family.co.jp/content/dam/family/goods/4236320.jpg',NULL),(409,'福建省産一級茶葉使用　烏龍茶','（税込100円）',100,8,1,1,'http://www.family.co.jp/content/dam/family/goods/4236337.jpg',NULL),(410,'六条大麦使用　香ばし麦茶','（税込100円）',100,8,1,1,'http://www.family.co.jp/content/dam/family/goods/4236344.jpg',NULL),(411,'最高等級茶葉銀毫・特級茶葉使用　芳醇ジャスミン茶','（税込100円）',100,8,1,1,'http://www.family.co.jp/content/dam/family/goods/4236351.jpg',NULL),(412,'ファミマの天然水－新潟県　津南－３７０ＭＬ','（税込88円）',88,7,1,1,'http://www.family.co.jp/content/dam/family/goods/4251927.jpg',NULL),(413,'タピオカミルクティー','（税込238円）',238,10,1,1,'http://www.family.co.jp/content/dam/family/goods/1753301.jpg',NULL),(414,'ヨーグルトドリンク フルーツミックス','（税込198円）',198,10,1,1,'http://www.family.co.jp/content/dam/family/goods/1730357.jpg',NULL),(415,'さんぴん茶　９００ＭＬ','（税込140円）',140,8,1,1,'http://www.family.co.jp/content/dam/family/goods/4239253.jpg',NULL),(416,'ハウスウェルネスフーズ　ウコンの力　ドライライム味','（税込206円）',206,5,1,1,'http://www.family.co.jp/content/dam/family/goods/4130048.jpg',NULL),(417,'手摘み果実を使用した フルーツミックス','（税込100円）',100,6,1,1,'http://www.family.co.jp/content/dam/family/goods/4240013.jpg',NULL),(418,'ストレートティー無糖　９３０ＭＬ','（税込140円）',140,8,1,1,'http://www.family.co.jp/content/dam/family/goods/4220091.jpg',NULL),(419,'深炒りブラック無糖　９００ＭＬ','（税込150円）',150,9,1,1,'http://www.family.co.jp/content/dam/family/goods/4210092.jpg',NULL),(420,'タピオカココナッツミルク','（税込238円）',238,5,1,1,'http://www.family.co.jp/content/dam/family/goods/1723168.jpg',NULL),(421,'牧場うまれの牛乳５００ＭＬ','（税込141円）',141,10,1,1,'http://www.family.co.jp/content/dam/family/goods/1713015.jpg',NULL),(422,'茶葉香る 紅茶ラテ','（税込142円）',142,10,1,1,'http://www.family.co.jp/content/dam/family/goods/1750195.jpg',NULL),(423,'カロリー50％OFF ノンシュガーラテ','（税込136円）',136,9,1,1,'http://www.family.co.jp/content/dam/family/goods/1720365.jpg',NULL),(424,'ミルクまろやか カフェラテ','（税込136円）',136,9,1,1,'http://www.family.co.jp/content/dam/family/goods/1720310.jpg',NULL),(425,'まろやかな甘み クリーミーラテ','（税込195円）',195,9,1,1,'http://www.family.co.jp/content/dam/family/goods/1720297.jpg',NULL),(426,'北海道産生クリームのミルクココア','（税込185円）',185,10,1,1,'http://www.family.co.jp/content/dam/family/goods/1720259.jpg',NULL),(427,'ヨーグルトドリンク クリーミープレーン','（税込185円）',185,10,1,1,'http://www.family.co.jp/content/dam/family/goods/1730241.jpg',NULL),(428,'ヨーグルトドリンク プレーン','（税込113円）',113,10,1,1,'http://www.family.co.jp/content/dam/family/goods/1730098.jpg',NULL),(429,'コーヒーのビターな味わい エスプレッソラテ','（税込136円）',136,9,1,1,'http://www.family.co.jp/content/dam/family/goods/1720358.jpg',NULL),(430,'烏龍茶　１０００ＭＬ','（税込106円）',106,8,1,1,'http://www.family.co.jp/content/dam/family/goods/1754049.jpg',NULL),(431,'ジャスミン茶　１０００ＭＬ','（税込106円）',106,8,1,1,'http://www.family.co.jp/content/dam/family/goods/1754056.jpg',NULL),(432,'のむヨーグルト１０００Ｇ','（税込198円）',198,10,1,1,'http://www.family.co.jp/content/dam/family/goods/1730401.jpg',NULL),(433,'牧場うまれの牛乳１Ｌ','（税込198円）',198,10,1,1,'http://www.family.co.jp/content/dam/family/goods/1713053.jpg',NULL),(434,'さんぴん茶　５００ＭＬ','（税込110円）',110,8,1,1,'http://www.family.co.jp/content/dam/family/goods/1507220.jpg',NULL),(435,'１００％オレンジジュース','（税込170円）',170,6,1,1,'http://www.family.co.jp/content/dam/family/goods/1741117.jpg',NULL),(436,'１００％アップルジュース','（税込170円）',170,6,1,1,'http://www.family.co.jp/content/dam/family/goods/1741124.jpg',NULL),(437,'１００％ミックスフルーツ','（税込170円）',170,6,1,1,'http://www.family.co.jp/content/dam/family/goods/1741131.jpg',NULL),(438,'緑茶　１０００ＭＬ','（税込106円）',106,8,1,1,'http://www.family.co.jp/content/dam/family/goods/1754001.jpg',NULL),(439,'麦茶　１０００ＭＬ','（税込106円）',106,8,1,1,'http://www.family.co.jp/content/dam/family/goods/1754018.jpg',NULL),(440,'玄米茶　１０００ＭＬ','（税込106円）',106,8,1,1,'http://www.family.co.jp/content/dam/family/goods/1754070.jpg',NULL),(441,'ファミマの天然水－新潟県　津南－６００ＭＬ','（税込100円）',100,7,1,1,'http://www.family.co.jp/content/dam/family/goods/4251934.jpg',NULL),(442,'ファミマの天然水－宮崎県　霧島－６００ＭＬ','（税込100円）',100,7,1,1,'http://www.family.co.jp/content/dam/family/goods/4251903.jpg',NULL),(443,'アップルティーカロリーゼロ　１000ＭＬ','（税込108円）',108,8,1,1,'http://www.family.co.jp/content/dam/family/goods/1754872.jpg',NULL),(444,'緑茶１Ｌ','（税込140円）',140,8,1,1,'http://www.family.co.jp/content/dam/family/goods/4236368.jpg',NULL),(445,'烏龍茶１Ｌ','（税込140円）',140,8,1,1,'http://www.family.co.jp/content/dam/family/goods/4236375.jpg',NULL),(446,'麦茶１Ｌ','（税込140円）',140,8,1,1,'http://www.family.co.jp/content/dam/family/goods/4236382.jpg',NULL),(447,'ジャスミン茶１Ｌ','（税込140円）',140,8,1,1,'http://www.family.co.jp/content/dam/family/goods/4236399.jpg',NULL),(448,'ファミコレさんぴん茶','（税込179円）',179,8,1,1,'http://www.family.co.jp/content/dam/family/goods/4238058.jpg',NULL),(449,'ファミマの天然水－宮崎県　霧島－１０２０ＭＬ','（税込148円）',148,7,1,1,'http://www.family.co.jp/content/dam/family/goods/4251910.jpg',NULL),(450,'ファミマの天然水－宮崎県　霧島－２０００ＭＬ','（税込98円）',98,7,1,1,'http://www.family.co.jp/content/dam/family/goods/4251941.jpg',NULL),(451,'ファミマの天然水－長野県　安曇野－２０００ＭＬ','（税込98円）',98,7,1,1,'http://www.family.co.jp/content/dam/family/goods/4251958.jpg',NULL),(452,'素材をあじわうかぼちゃプリン','（税込168円）',168,12,1,1,'http://www.family.co.jp/content/dam/family/goods/1910292.jpg',NULL),(453,'カットなし','（税込220円）',220,12,1,1,'http://www.family.co.jp/content/dam/family/goods/2850269.jpg',NULL),(454,'不二家　カントリーマアム　発酵バター','（税込216円）',216,13,1,1,'http://www.family.co.jp/content/dam/family/goods/4813101.jpg',NULL),(455,'不二家　カントリーマアム　オレンジショコラ','（税込216円）',216,13,1,1,'http://www.family.co.jp/content/dam/family/goods/4813118.jpg',NULL),(456,'ＲＩＺＡＰ　濃厚珈琲ミルクプリン','（税込170円）',170,12,1,1,'http://www.family.co.jp/content/dam/family/goods/1910179.jpg',NULL),(457,'たっぷり食べたい！ぶどうゼリー','（税込298円）',298,12,1,1,'http://www.family.co.jp/content/dam/family/goods/1930092.jpg',NULL),(458,'たっぷり食べたい！杏仁豆腐','（税込298円）',298,12,1,1,'http://www.family.co.jp/content/dam/family/goods/1910209.jpg',NULL),(459,'パイン　ナシアメ','（税込178円）',178,12,1,1,'http://www.family.co.jp/content/dam/family/goods/4730705.jpg',NULL),(460,'カルビー　ポテトチップス炭火焼きとり塩味','（税込152円）',152,14,1,1,'http://www.family.co.jp/content/dam/family/goods/4910688.jpg',NULL),(461,'カルビー　ポテトチップス炭火焼きとりタレ味','（税込152円）',152,14,1,1,'http://www.family.co.jp/content/dam/family/goods/4910732.jpg',NULL),(462,'カルビー　噛みしめてクセになるポテトチップス酸辣湯味','（税込141円）',141,14,1,1,'http://www.family.co.jp/content/dam/family/goods/4910794.jpg',NULL),(463,'スモーキーポテトミックス','（税込158円）',158,14,1,1,'http://www.family.co.jp/content/dam/family/goods/4916215.jpg',NULL),(464,'東ハト　おつまみ暴君ハバネロ','（税込132円）',132,14,1,1,'http://www.family.co.jp/content/dam/family/goods/5028405.jpg',NULL),(465,'岩塚　バンザイ山椒','（税込132円）',132,18,1,1,'http://www.family.co.jp/content/dam/family/goods/5034727.jpg',NULL),(466,'ＵＨＡ味覚糖　潤ぷちコロロ　ピンクグレープフルーツ','（税込198円）',198,12,1,1,'http://www.family.co.jp/content/dam/family/goods/4725473.jpg',NULL),(467,'北海道かぼちゃプリン','（税込108円）',108,12,1,1,'http://www.family.co.jp/content/dam/family/goods/1910049.jpg',NULL),(468,'不二家　ルックマロンパフェ','（税込135円）',135,13,1,1,'http://www.family.co.jp/content/dam/family/goods/4742173.jpg',NULL),(469,'天乃屋　ぷち歌舞伎揚　芳醇スパイシーカレー味','（税込118円）',118,18,1,1,'http://www.family.co.jp/content/dam/family/goods/5030927.jpg',NULL),(470,'５種ミックスナッツ＆フルーツ','（税込170円）',170,17,1,1,'http://www.family.co.jp/content/dam/family/goods/4724377.jpg',NULL),(471,'カルビー　堅あげポテト　匠味枝豆と七味味','（税込173円）',173,14,1,1,'http://www.family.co.jp/content/dam/family/goods/4910862.jpg',NULL),(472,'カルビー　ポテトチップス甘酸っぱいレモン味','（税込152円）',152,14,1,1,'http://www.family.co.jp/content/dam/family/goods/4912224.jpg',NULL),(473,'ＵＨＡ味覚糖　シゲキックス甘酸っぱいレモン味','（税込138円）',138,12,1,1,'http://www.family.co.jp/content/dam/family/goods/4725183.jpg',NULL),(474,'森永　ハイチュウサンキストネクターピーチ味','（税込119円）',119,12,1,1,'http://www.family.co.jp/content/dam/family/goods/4726272.jpg',NULL),(475,'森永　ハイチュウソーダ＆コーラ','（税込129円）',129,12,1,1,'http://www.family.co.jp/content/dam/family/goods/4726302.jpg',NULL),(476,'ＵＨＡ味覚糖　ぷっちょ袋４種アソート炭酸ミックス','（税込206円）',206,12,1,1,'http://www.family.co.jp/content/dam/family/goods/4735205.jpg',NULL),(477,'チーズインスティック濃厚３種のチーズ味','（税込108円）',108,12,1,1,'http://www.family.co.jp/content/dam/family/goods/4823247.jpg',NULL),(478,'亀田　ハッピーターン甘酸っぱいレモン味','（税込128円）',128,14,1,1,'http://www.family.co.jp/content/dam/family/goods/5030064.jpg',NULL),(479,'不二家　ドールフルーツパフェキャンディゴールデンパイン','（税込140円）',140,12,1,1,'http://www.family.co.jp/content/dam/family/goods/4720454.jpg',NULL),(480,'無着色のひとくちカリカリ梅','（税込138円）',138,12,1,1,'http://www.family.co.jp/content/dam/family/goods/4724162.jpg',NULL),(481,'パイン　ジンジャーエールアメ','（税込178円）',178,12,1,1,'http://www.family.co.jp/content/dam/family/goods/4730750.jpg',NULL),(482,'ロッテ　けものフレンズマンチョコ','（税込108円）',108,13,1,1,'http://www.family.co.jp/content/dam/family/goods/4754275.jpg',NULL),(483,'焼するめ　ピリ辛醤油味','（税込158円）',158,15,1,1,'http://www.family.co.jp/content/dam/family/goods/5011018.jpg',NULL),(484,'ベビースターラーメン丸ブタメンとんこつ味','（税込108円）',108,14,1,1,'http://www.family.co.jp/content/dam/family/goods/4824091.jpg',NULL),(485,'バター香るしっとり厚切りバウムクーヘン（１０個入り）','（税込321円）',321,15,1,1,'http://www.family.co.jp/content/dam/family/goods/1324624.jpg',NULL),(486,'ポテトチップス濃厚コンソメ味','（税込108円）',108,14,1,1,'http://www.family.co.jp/content/dam/family/goods/4824190.jpg',NULL),(487,'ふっくらおいしい焼ししゃも','（税込213円）',213,15,1,1,'http://www.family.co.jp/content/dam/family/goods/5011193.jpg',NULL),(488,'素材の風味豊かなアーモンド小魚','（税込108円）',108,17,1,1,'http://www.family.co.jp/content/dam/family/goods/5023103.jpg',NULL),(489,'有機栽培のめぐみ天津甘栗','（税込138円）',138,12,1,1,'http://www.family.co.jp/content/dam/family/goods/4724186.jpg',NULL),(490,'ふんわりミルクドーナツ','（税込321円）',321,12,1,1,'http://www.family.co.jp/content/dam/family/goods/1324631.jpg',NULL),(491,'かーるいチーズスナック','（税込108円）',108,14,1,1,'http://www.family.co.jp/content/dam/family/goods/4824015.jpg',NULL),(492,'国産大豆の京挽ききな粉くるみ','（税込192円）',192,17,1,1,'http://www.family.co.jp/content/dam/family/goods/4724322.jpg',NULL),(493,'おいしさいろいろ８種の和菓子セレクション','（税込321円）',321,12,1,1,'http://www.family.co.jp/content/dam/family/goods/4820031.jpg',NULL),(494,'ハニーローストピーナッツ','（税込138円）',138,17,1,1,'http://www.family.co.jp/content/dam/family/goods/5020249.jpg',NULL),(495,'紀州南高梅酢仕立て茎わかめ','（税込138円）',138,15,1,1,'http://www.family.co.jp/content/dam/family/goods/4724278.jpg',NULL),(496,'サクサク食感のコーンポタージュ','（税込108円）',108,14,1,1,'http://www.family.co.jp/content/dam/family/goods/4823230.jpg',NULL),(497,'北海道産皮つき鮭とば','（税込408円）',408,15,1,1,'http://www.family.co.jp/content/dam/family/goods/5011087.jpg',NULL),(498,'素材の旨み皮つきさきいか','（税込311円）',311,15,1,1,'http://www.family.co.jp/content/dam/family/goods/5011124.jpg',NULL),(499,'カリッと香ばしいバタピー','（税込138円）',138,17,1,1,'http://www.family.co.jp/content/dam/family/goods/5020287.jpg',NULL),(500,'じっくり揚げたポテトチップス２種のわさび味','（税込138円）',138,14,1,1,'http://www.family.co.jp/content/dam/family/goods/4824206.jpg',NULL),(501,'２種の醤油で仕上げたあとひき柿ピー','（税込138円）',138,17,1,1,'http://www.family.co.jp/content/dam/family/goods/5023080.jpg',NULL),(502,'国産米粉のサクッとピーナッツ揚げ','（税込108円）',108,18,1,1,'http://www.family.co.jp/content/dam/family/goods/4823179.jpg',NULL),(503,'素材の旨み海鮮ミックス','（税込108円）',108,18,1,1,'http://www.family.co.jp/content/dam/family/goods/4823223.jpg',NULL),(504,'サクッとハムカツ風ソースカツ','（税込108円）',108,12,1,1,'http://www.family.co.jp/content/dam/family/goods/4823131.jpg',NULL),(505,'DHC　サプリｄｅグミ　ビタミンＣ','（税込213円）',213,12,1,1,'http://www.family.co.jp/content/dam/family/goods/4150602.jpg',NULL),(506,'DHC　サプリｄｅグミ　マルチビタミン','（税込248円）',248,12,1,1,'http://www.family.co.jp/content/dam/family/goods/4150619.jpg',NULL),(507,'DHC　サプリｄｅグミ　鉄＋葉酸＋亜鉛','（税込248円）',248,12,1,1,'http://www.family.co.jp/content/dam/family/goods/4150626.jpg',NULL),(508,'DHC　サプリｄｅグミ　マカ＋亜鉛','（税込248円）',248,12,1,1,'http://www.family.co.jp/content/dam/family/goods/4150633.jpg',NULL),(509,'DHC　サプリｄｅグミ　ブルーベリー','（税込361円）',361,12,1,1,'http://www.family.co.jp/content/dam/family/goods/4150640.jpg',NULL),(510,'トロピカルマンゴー','（税込170円）',170,16,1,1,'http://www.family.co.jp/content/dam/family/goods/4724346.jpg',NULL),(511,'甘酸っぱい完熟梅ぼしのシート','（税込138円）',138,15,1,1,'http://www.family.co.jp/content/dam/family/goods/4724339.jpg',NULL),(512,'厚切りポテトチップス濃厚サワークリームオニオン味','（税込138円）',138,14,1,1,'http://www.family.co.jp/content/dam/family/goods/4824121.jpg',NULL),(513,'ジューシーパイナップル','（税込170円）',170,16,1,1,'http://www.family.co.jp/content/dam/family/goods/4724353.jpg',NULL),(514,'二度焼き香ばし醤油せんべい','（税込108円）',108,18,1,1,'http://www.family.co.jp/content/dam/family/goods/4823148.jpg',NULL),(515,'パリパリいかせんみりん醤油風味','（税込108円）',108,18,1,1,'http://www.family.co.jp/content/dam/family/goods/4823216.jpg',NULL),(516,'ふんわりポップコーン２種のあっさりしお味','（税込108円）',108,14,1,1,'http://www.family.co.jp/content/dam/family/goods/4824268.jpg',NULL),(517,'あらびき食感のおつまみサラミ','（税込138円）',138,15,1,1,'http://www.family.co.jp/content/dam/family/goods/5011186.jpg',NULL),(518,'コクと旨みのえび大判焼き','（税込108円）',108,12,1,1,'http://www.family.co.jp/content/dam/family/goods/4823070.jpg',NULL),(519,'人気の４種をセレクトミックスナッツ','（税込388円）',388,17,1,1,'http://www.family.co.jp/content/dam/family/goods/5020256.jpg',NULL),(520,'塩と油を使ってない４種のミックスナッツ','（税込388円）',388,17,1,1,'http://www.family.co.jp/content/dam/family/goods/5020263.jpg',NULL),(521,'塩と油を使っていない素焼きのアーモンド','（税込138円）',138,17,1,1,'http://www.family.co.jp/content/dam/family/goods/4724209.jpg',NULL),(522,'塩と油を使っていない素焼きのクルミ','（税込138円）',138,17,1,1,'http://www.family.co.jp/content/dam/family/goods/4724216.jpg',NULL),(523,'２種のカカオをブレンドしたチョコフレーク','（税込108円）',108,13,1,1,'http://www.family.co.jp/content/dam/family/goods/4820895.jpg',NULL),(524,'しっとり食感のひとくちカステラ','（税込108円）',108,12,1,1,'http://www.family.co.jp/content/dam/family/goods/4820178.jpg',NULL),(525,'２種の塩で仕上げたスーパーおっとっと','（税込108円）',108,14,1,1,'http://www.family.co.jp/content/dam/family/goods/4820185.jpg',NULL),(526,'ちょっと堅めのカラムーチョホットチリ味','（税込108円）',108,14,1,1,'http://www.family.co.jp/content/dam/family/goods/4824237.jpg',NULL),(527,'やわらか身厚の燻製さきいか','（税込138円）',138,15,1,1,'http://www.family.co.jp/content/dam/family/goods/5011179.jpg',NULL),(528,'北海道産小豆のつぶあんドーナツ','（税込108円）',108,12,1,1,'http://www.family.co.jp/content/dam/family/goods/4820048.jpg',NULL),(529,'波型厚切りポテトチップ　天日塩１００％','（税込204円）',204,14,1,1,'http://www.family.co.jp/content/dam/family/goods/4824145.jpg',NULL),(530,'おさかなソーセージ','（税込198円）',198,15,1,1,'http://www.family.co.jp/content/dam/family/goods/5011131.jpg',NULL),(531,'国産ほたての焼貝ひも','（税込138円）',138,15,1,1,'http://www.family.co.jp/content/dam/family/goods/5011162.jpg',NULL),(532,'胡麻香る黒糖かりんとう','（税込108円）',108,12,1,1,'http://www.family.co.jp/content/dam/family/goods/4825036.jpg',NULL),(533,'マヨネーズ付きあたりめ','（税込324円）',324,15,1,1,'http://www.family.co.jp/content/dam/family/goods/5011001.jpg',NULL),(534,'ポリンキー濃いめんたい味','（税込108円）',108,14,1,1,'http://www.family.co.jp/content/dam/family/goods/4824299.jpg',NULL),(535,'かむほど旨いあたりめ','（税込138円）',138,15,1,1,'http://www.family.co.jp/content/dam/family/goods/5011032.jpg',NULL),(536,'海老だし旨塩のひねり揚げ','（税込108円）',108,14,1,1,'http://www.family.co.jp/content/dam/family/goods/4823209.jpg',NULL),(537,'波型厚切りポテトチップス　旨みチキン×甘み玉ねぎ','（税込204円）',204,14,1,1,'http://www.family.co.jp/content/dam/family/goods/4824183.jpg',NULL),(538,'練乳はちみつドーナツ','（税込108円）',108,12,1,1,'http://www.family.co.jp/content/dam/family/goods/4825043.jpg',NULL),(539,'スパイスが効いたジャッキーカルパス','（税込306円）',306,15,1,1,'http://www.family.co.jp/content/dam/family/goods/5010981.jpg',NULL),(540,'風味ゆたかなチーズ鱈','（税込306円）',306,15,1,1,'http://www.family.co.jp/content/dam/family/goods/5010998.jpg',NULL),(541,'さっくり食感のバニラクリームサンドクラッカー','（税込108円）',108,14,1,1,'http://www.family.co.jp/content/dam/family/goods/4822059.jpg',NULL),(542,'ふんわり甘いキャラメルコーン','（税込108円）',108,14,1,1,'http://www.family.co.jp/content/dam/family/goods/4824022.jpg',NULL),(543,'大きめかっぱえびせん　あっさり塩味','（税込108円）',108,14,1,1,'http://www.family.co.jp/content/dam/family/goods/4824053.jpg',NULL),(544,'おつまみイカフライ','（税込108円）',108,15,1,1,'http://www.family.co.jp/content/dam/family/goods/4823049.jpg',NULL),(545,'シャキッと食感みかんゼリー','（税込142円）',142,12,1,1,'http://www.family.co.jp/content/dam/family/goods/1930283.jpg',NULL),(546,'ダイジェスティブチョコビスケット','（税込108円）',108,13,1,1,'http://www.family.co.jp/content/dam/family/goods/4821106.jpg',NULL),(547,'ベビースターラーメン丸香ばしチキン味','（税込108円）',108,14,1,1,'http://www.family.co.jp/content/dam/family/goods/4824060.jpg',NULL),(548,'あらびきスライスサラミ','（税込410円）',410,15,1,1,'http://www.family.co.jp/content/dam/family/goods/5017850.jpg',NULL),(549,'ひとくちサイズのチョコチップクッキー','（税込108円）',108,14,1,1,'http://www.family.co.jp/content/dam/family/goods/4822011.jpg',NULL),(550,'ピリ辛焼かまぼこ','（税込108円）',108,15,1,1,'http://www.family.co.jp/content/dam/family/goods/4822998.jpg',NULL),(551,'６種のビスケットアソート','（税込306円）',306,14,1,1,'http://www.family.co.jp/content/dam/family/goods/4821922.jpg',NULL),(552,'スパイシーなビーフジャーキー','（税込128円）',128,15,1,1,'http://www.family.co.jp/content/dam/family/goods/5017836.jpg',NULL),(553,'チョコをつつんだふんわりマシュマロ','（税込108円）',108,13,1,1,'http://www.family.co.jp/content/dam/family/goods/4820888.jpg',NULL),(554,'２種のローストナッツ　カシューナッツ＆マカダミア','（税込238円）',238,17,1,1,'http://www.family.co.jp/content/dam/family/goods/5020232.jpg',NULL),(555,'おしゃぶり昆布浜風','（税込138円）',138,15,1,1,'http://www.family.co.jp/content/dam/family/goods/4724100.jpg',NULL),(556,'おしゃぶり昆布紀州梅','（税込138円）',138,15,1,1,'http://www.family.co.jp/content/dam/family/goods/4724117.jpg',NULL),(557,'ふっくらかるーい麦チョコ','（税込108円）',108,13,1,1,'http://www.family.co.jp/content/dam/family/goods/4820833.jpg',NULL),(558,'ほろにがビターチョコリング','（税込116円）',116,13,1,1,'http://www.family.co.jp/content/dam/family/goods/4820819.jpg',NULL),(559,'かりかりピーナッツのブロックチョコ','（税込108円）',108,13,1,1,'http://www.family.co.jp/content/dam/family/goods/4821151.jpg',NULL),(560,'サクッと香ばしい小さなチョコの木','（税込108円）',108,13,1,1,'http://www.family.co.jp/content/dam/family/goods/4820840.jpg',NULL),(561,'おもいっきり餅太郎','（税込96円）',96,14,1,1,'http://www.family.co.jp/content/dam/family/goods/4822080.jpg',NULL),(562,'ひとくち歌舞伎揚こだわり醤油仕込み','（税込108円）',108,14,1,1,'http://www.family.co.jp/content/dam/family/goods/4823193.jpg',NULL),(563,'まるごとドライオレンジ','（税込164円）',164,16,1,1,'http://www.family.co.jp/content/dam/family/goods/4724391.jpg',NULL),(564,'メキシカンチップススパイシータコス味','（税込108円）',108,14,1,1,'http://www.family.co.jp/content/dam/family/goods/4824107.jpg',NULL),(565,'素材の甘み　いもけんぴ','（税込108円）',108,14,1,1,'http://www.family.co.jp/content/dam/family/goods/4825012.jpg',NULL),(566,'サクサクとろけるしみチョココーン','（税込108円）',108,13,1,1,'http://www.family.co.jp/content/dam/family/goods/4821021.jpg',NULL),(567,'ミルクとココアのミニクッキー','（税込108円）',108,14,1,1,'http://www.family.co.jp/content/dam/family/goods/4822042.jpg',NULL),(568,'じゃがスティックあっさりうましお味','（税込108円）',108,14,1,1,'http://www.family.co.jp/content/dam/family/goods/4824008.jpg',NULL),(569,'なげわ　うま塩味','（税込108円）',108,14,1,1,'http://www.family.co.jp/content/dam/family/goods/4824039.jpg',NULL),(570,'えんどう豆１００％スナック','（税込108円）',108,14,1,1,'http://www.family.co.jp/content/dam/family/goods/4824046.jpg',NULL),(571,'１０種のおつまみミックス','（税込108円）',108,14,1,1,'http://www.family.co.jp/content/dam/family/goods/4823001.jpg',NULL),(572,'サクサクおいしいうま塩あられ','（税込108円）',108,14,1,1,'http://www.family.co.jp/content/dam/family/goods/4823087.jpg',NULL),(573,'焼きするめげそ','（税込138円）',138,15,1,1,'http://www.family.co.jp/content/dam/family/goods/5011025.jpg',NULL),(574,'サクッとかるいコーンチョコ','（税込108円）',108,13,1,1,'http://www.family.co.jp/content/dam/family/goods/4820802.jpg',NULL),(575,'２種のローストナッツ　カシューナッツ＆アーモンド','（税込198円）',198,17,1,1,'http://www.family.co.jp/content/dam/family/goods/5020225.jpg',NULL),(576,'カリッとローストピスタチオ','（税込388円）',388,17,1,1,'http://www.family.co.jp/content/dam/family/goods/5020355.jpg',NULL),(577,'桜チップで燻製したうずらたまご','（税込250円）',250,15,1,1,'http://www.family.co.jp/content/dam/family/goods/5014781.jpg',NULL),(578,'まろやかミニバタークッキー','（税込108円）',108,14,1,1,'http://www.family.co.jp/content/dam/family/goods/4821991.jpg',NULL),(579,'牛もも赤身ビーフジャーキー','（税込410円）',410,15,1,1,'http://www.family.co.jp/content/dam/family/goods/5010974.jpg',NULL),(580,'さくさくぱんだミルクチョコビスケット','（税込118円）',118,13,1,1,'http://www.family.co.jp/content/dam/family/goods/4821045.jpg',NULL),(581,'ニュージーランド牧草牛のビーフジャーキー','（税込410円）',410,15,1,1,'http://www.family.co.jp/content/dam/family/goods/5011094.jpg',NULL),(582,'マヌカスモーク香るビーフジャーキー','（税込410円）',410,15,1,1,'http://www.family.co.jp/content/dam/family/goods/5011100.jpg',NULL),(583,'ポテトチップス２種のうすしお味','（税込108円）',108,14,1,1,'http://www.family.co.jp/content/dam/family/goods/4824213.jpg',NULL),(584,'サッポロポテト濃いバーベＱあじ','（税込108円）',108,14,1,1,'http://www.family.co.jp/content/dam/family/goods/4824220.jpg',NULL),(585,'４種のチョコレートアソート','（税込265円）',265,13,1,1,'http://www.family.co.jp/content/dam/family/goods/4821113.jpg',NULL),(586,'ポテトチップス濃いめのり塩','（税込108円）',108,14,1,1,'http://www.family.co.jp/content/dam/family/goods/4824114.jpg',NULL),(587,'こつぶ餅ピーナッツ','（税込108円）',108,17,1,1,'http://www.family.co.jp/content/dam/family/goods/4823124.jpg',NULL),(588,'カシューナッツ','（税込348円）',348,17,1,1,'http://www.family.co.jp/content/dam/family/goods/5020348.jpg',NULL);
/*!40000 ALTER TABLE `item` ENABLE KEYS */;
UNLOCK TABLES;

--
-- Table structure for table `store`
--

DROP TABLE IF EXISTS `store`;
/*!40101 SET @saved_cs_client     = @@character_set_client */;
/*!40101 SET character_set_client = utf8 */;
CREATE TABLE `store` (
  `id` int(11) NOT NULL AUTO_INCREMENT,
  `name` char(20) DEFAULT NULL,
  PRIMARY KEY (`id`)
) ENGINE=InnoDB AUTO_INCREMENT=2 DEFAULT CHARSET=utf8mb4;
/*!40101 SET character_set_client = @saved_cs_client */;

--
-- Dumping data for table `store`
--

LOCK TABLES `store` WRITE;
/*!40000 ALTER TABLE `store` DISABLE KEYS */;
INSERT INTO `store` VALUES (1,'family_mart');
/*!40000 ALTER TABLE `store` ENABLE KEYS */;
UNLOCK TABLES;

--
-- Table structure for table `sukkiri_log`
--

DROP TABLE IF EXISTS `sukkiri_log`;
/*!40101 SET @saved_cs_client     = @@character_set_client */;
/*!40101 SET character_set_client = utf8 */;
CREATE TABLE `sukkiri_log` (
  `log_id` bigint(20) unsigned NOT NULL AUTO_INCREMENT COMMENT 'id',
  `ids` text COMMENT 'item.idのカンマ区切り',
  `dt_created` datetime NOT NULL DEFAULT CURRENT_TIMESTAMP COMMENT '作成日時',
  PRIMARY KEY (`log_id`)
) ENGINE=InnoDB AUTO_INCREMENT=15 DEFAULT CHARSET=utf8mb4 COMMENT='スッキリログテーブル';
/*!40101 SET character_set_client = @saved_cs_client */;

--
-- Dumping data for table `sukkiri_log`
--

LOCK TABLES `sukkiri_log` WRITE;
/*!40000 ALTER TABLE `sukkiri_log` DISABLE KEYS */;
INSERT INTO `sukkiri_log` VALUES (1,'157,154','2018-09-12 15:56:19'),(2,'157,141','2018-09-12 16:17:38'),(3,'157,141','2018-09-12 16:18:58'),(4,'157,141','2018-09-12 16:20:40'),(5,'155,149','2018-09-12 16:20:47'),(6,'155,149','2018-09-12 16:21:20'),(7,'155,149','2018-09-12 16:21:52'),(8,'155,149','2018-09-12 16:22:10'),(9,'155,149','2018-09-12 16:22:16'),(10,'155,149','2018-09-12 16:24:44'),(11,'155,149','2018-09-12 16:24:45'),(12,'155,149','2018-09-12 16:35:40'),(13,'156,150,141,141','2018-09-12 17:31:26'),(14,'148,147,141','2018-09-12 17:34:36');
/*!40000 ALTER TABLE `sukkiri_log` ENABLE KEYS */;
UNLOCK TABLES;

--
-- Table structure for table `user`
--

DROP TABLE IF EXISTS `user`;
/*!40101 SET @saved_cs_client     = @@character_set_client */;
/*!40101 SET character_set_client = utf8 */;
CREATE TABLE `user` (
  `id` int(11) NOT NULL AUTO_INCREMENT,
  `email` varchar(512) DEFAULT NULL,
  `password` varchar(45) DEFAULT NULL,
  `name` varchar(128) DEFAULT NULL,
  `zipcode` varchar(45) DEFAULT NULL,
  `address` varchar(1024) DEFAULT NULL,
  `tel` varchar(45) DEFAULT NULL,
  PRIMARY KEY (`id`)
) ENGINE=InnoDB AUTO_INCREMENT=4 DEFAULT CHARSET=utf8mb4;
/*!40101 SET character_set_client = @saved_cs_client */;

--
-- Dumping data for table `user`
--

LOCK TABLES `user` WRITE;
/*!40000 ALTER TABLE `user` DISABLE KEYS */;
INSERT INTO `user` VALUES (2,'teamc@gmail.com','teamc','toru','999-9999','東京','99999999999'),(3,'abc@gmail.com','abc','jin','110-0011','123','123');
/*!40000 ALTER TABLE `user` ENABLE KEYS */;
UNLOCK TABLES;
/*!40103 SET TIME_ZONE=@OLD_TIME_ZONE */;

/*!40101 SET SQL_MODE=@OLD_SQL_MODE */;
/*!40014 SET FOREIGN_KEY_CHECKS=@OLD_FOREIGN_KEY_CHECKS */;
/*!40014 SET UNIQUE_CHECKS=@OLD_UNIQUE_CHECKS */;
/*!40101 SET CHARACTER_SET_CLIENT=@OLD_CHARACTER_SET_CLIENT */;
/*!40101 SET CHARACTER_SET_RESULTS=@OLD_CHARACTER_SET_RESULTS */;
/*!40101 SET COLLATION_CONNECTION=@OLD_COLLATION_CONNECTION */;
/*!40111 SET SQL_NOTES=@OLD_SQL_NOTES */;

-- Dump completed on 2018-09-12 21:43:04
